assessment status,Site_Latitude,Site_Longitude
complete,46.972278,-123.837765
complete,46.96766,-123.697506
complete,46.972483,-123.831786
complete,46.966854,-123.78955
complete,48.506794,-122.62178
complete,48.503714,-122.618036
complete,48.446296,-122.582517
complete,48.501583,-122.621344
complete,48.487422,-122.618536
complete,48.512146,-122.617574
complete,48.194404,-122.112387
complete,48.191613,-122.119921
complete,48.183938,-122.119489
complete,48.196971,-122.111672
complete,47.271022,-122.249436
complete,47.329329,-122.21455
complete,47.319329,-122.2639
complete,47.278182,-122.216424
complete,47.328936,-122.183207
complete,47.264204,-122.227686
complete,47.316747,-122.12229
complete,47.32752,-122.18619
complete,47.308354,-122.22223
complete,47.308133,-122.23474
complete,45.767724,-122.543589
complete,47.096579,-122.427471
complete,48.992403,-122.7407
complete,48.993812,-122.73872
complete,48.993823,-122.738403
complete,48.991477,-122.74015
complete,48.9889,-123.0436
complete,46.550122,-123.133309
complete,48.094092,-119.787069
complete,48.478157,-122.337203
complete,48.252154,-124.259116
complete,48.363899,-124.621721
complete,48.363412,-124.623228
complete,47.081007,-122.05408
complete,47.641928,-122.60708
complete,47.683818,-122.70185
complete,47.642702,-122.64602
complete,47.683082,-122.72555
complete,47.674956,-122.66483
complete,47.633066,-122.61474
complete,47.636874,-122.65113
complete,47.598533,-122.81993
complete,47.646896,-122.697897
complete,47.658589,-122.66801
complete,47.658342,-122.66653
complete,47.64363,-122.71744
complete,47.629824,-122.64765
complete,47.650002,-117.206465
complete,47.637612,-117.252478
complete,47.663988,-117.257286
complete,47.670868,-117.153288
complete,47.623947,-117.23887
complete,47.653675,-117.163428
complete,47.657925,-117.170214
complete,47.621105,-117.237627
complete,47.642958,-117.229398
complete,47.658369,-117.200866
complete,47.663673,-117.201454
complete,47.63548,-117.242876
complete,47.641949,-117.260851
complete,46.721909,-122.959333
complete,46.642404,-122.93962
complete,46.659719,-122.96235
complete,46.6496,-122.9489
complete,47.495949,-117.577619
complete,47.481318,-117.596401
complete,47.644963,-117.588704
complete,47.594925,-117.490616
complete,48.281836,-117.71183
complete,48.011563,-122.777624
complete,47.185916,-122.548519
complete,46.200494,-119.012984
complete,46.200471,-119.009856
complete,48.534648,-117.8993
complete,48.5342,-117.8913
complete,48.550037,-117.896866
complete,48.531555,-121.758227
complete,48.531947,-121.763074
complete,46.952781,-123.77177
complete,48.211376,-122.687459
complete,48.2065,-122.684964
complete,48.206692,-122.684948
complete,48.337396,-117.299123
complete,47.6515,-118.1505
complete,46.316128,-117.974987
complete,46.31714,-117.97511
complete,46.1413,-118.1507
complete,47.700051,-117.177139
complete,47.707423,-117.05428
complete,47.701998,-117.202
complete,47.692012,-117.195744
complete,47.6994,-117.1099
complete,47.700873,-117.207776
complete,46.606985,-120.444608
complete,47.414443,-120.26996
complete,47.004025,-123.433849
complete,47.003182,-123.414044
complete,47.00326,-123.410333
complete,46.539456,-122.938791
complete,47.924288,-122.221913
complete,47.844692,-122.188763
complete,47.904356,-122.200112
complete,47.919169,-122.223175
complete,47.985236,-122.2091
complete,47.926678,-122.226848
complete,47.987396,-122.19102
complete,47.854158,-122.155192
complete,48.002054,-122.195122
complete,47.872006,-122.209372
complete,47.873604,-122.209038
complete,47.967612,-122.217939
complete,47.916082,-122.198845
complete,47.951372,-122.201683
complete,47.941618,-122.223808
complete,47.862211,-122.188351
complete,47.984066,-122.199619
complete,47.970772,-122.212095
complete,47.866813,-122.153724
complete,47.88164,-122.205831
complete,48.005051,-122.203993
complete,47.843306,-122.203663
complete,45.656587,-122.522323
complete,45.627653,-122.549868
complete,45.59481,-122.488387
complete,45.636614,-122.493837
complete,45.62717,-122.526617
complete,45.653398,-122.548789
complete,45.628815,-122.536319
complete,45.637874,-122.494307
complete,45.676285,-122.500772
complete,45.606755,-122.541158
complete,45.684836,-122.565082
complete,45.689654,-122.582108
complete,47.329101,-122.35708
complete,47.334846,-122.284265
complete,47.316788,-122.368571
complete,47.287089,-122.34108
complete,47.309335,-122.393839
complete,47.277415,-122.33562
complete,47.326821,-122.27806
complete,47.326862,-122.28053
complete,47.356309,-122.29836
complete,47.333699,-122.26122
complete,47.342635,-122.32233
complete,47.309446,-122.36701
complete,47.271167,-122.29434
complete,47.334644,-122.318896
complete,47.310316,-122.35219
complete,47.363233,-122.312567
complete,47.238321,-122.35306
complete,47.163541,-122.446342
complete,47.136099,-122.424292
complete,47.156807,-122.406402
complete,47.13984,-122.367294
complete,47.161774,-122.407879
complete,47.144602,-122.451493
complete,47.14468,-122.456151
complete,47.31993,-122.916972
complete,45.948245,-122.5388
complete,47.478831,-118.251338
complete,46.659,-120.69646
complete,46.701388,-120.761745
complete,47.510009,-122.318426
complete,47.509752,-122.316947
complete,47.502253,-122.34672
complete,47.435377,-122.28165
complete,47.499841,-122.344923
complete,47.49361,-122.30185
complete,47.43683,-122.327695
complete,47.421911,-122.326383
complete,47.3983,-122.3032
complete,47.495788,-122.342691
complete,47.471715,-122.35263
complete,47.50221,-122.315776
complete,47.46277,-122.324143
complete,47.457604,-122.34088
complete,47.434859,-122.277946
complete,47.444217,-122.276341
complete,47.437774,-122.325045
complete,45.741462,-122.467151
complete,46.983116,-123.910415
complete,46.99136,-123.887703
complete,48.301424,-118.200568
complete,48.301275,-118.198602
complete,47.497673,-122.138911
complete,47.580215,-122.005399
complete,47.576873,-122.003931
complete,47.526881,-122.035141
complete,47.56214,-122.117531
complete,47.588533,-122.03551
complete,47.570417,-121.988781
complete,47.526825,-122.034117
complete,47.536817,-122.04478
complete,47.461739,-122.06683
complete,47.470881,-122.115365
complete,47.580039,-122.027908
complete,47.568482,-122.101419
complete,47.366939,-122.192972
complete,47.437947,-122.156284
complete,47.375743,-122.103371
complete,47.386265,-122.207944
complete,47.453687,-122.14211
complete,47.380272,-122.190391
complete,47.344451,-122.086855
complete,47.353775,-122.151312
complete,47.373244,-122.207731
complete,47.331882,-122.057209
complete,47.416331,-122.175259
complete,47.425725,-122.151822
complete,47.378647,-122.17147
complete,47.377373,-122.121028
complete,47.430985,-122.172821
complete,47.371803,-122.155252
complete,47.391758,-122.180536
complete,47.384957,-122.230083
complete,47.391344,-122.256772
complete,47.436891,-122.114538
complete,47.394958,-122.193039
complete,47.35229,-122.184979
complete,47.440575,-122.122252
complete,47.368581,-122.211003
complete,47.406168,-122.171561
complete,47.421017,-122.208396
complete,47.402707,-122.16461
complete,46.269594,-119.4892
complete,48.39395,-122.489941
complete,48.395635,-122.490209
complete,48.395943,-122.491133
complete,47.840484,-120.012572
complete,47.840417,-120.013373
complete,47.986669,-122.107756
complete,48.017805,-122.065146
complete,48.027371,-122.097136
complete,47.702058,-122.09847
complete,48.1473,-122.2086
complete,48.150392,-122.208391
complete,48.148687,-122.209005
complete,46.137423,-122.926997
complete,46.155713,-122.942562
complete,46.156186,-122.939053
complete,46.154435,-122.957655
complete,46.139237,-122.957278
complete,46.13077,-122.944975
complete,46.144816,-122.936334
complete,46.165573,-122.974388
complete,46.138504,-122.958033
complete,46.145003,-122.943937
complete,46.139456,-122.96197
complete,46.140501,-122.955273
complete,46.171176,-122.992588
complete,46.128352,-122.959792
complete,46.212475,-119.994926
complete,47.1993,-123.4322
complete,48.085427,-122.160481
complete,48.058327,-122.169246
complete,48.058936,-122.163735
complete,48.096282,-122.155503
complete,48.072686,-122.161661
complete,48.11833,-122.16206
complete,48.054748,-122.174951
complete,47.568532,-117.67814
complete,47.55349,-122.22217
complete,47.532625,-122.228996
complete,47.571793,-122.231066
complete,48.865362,-122.439804
complete,48.869314,-122.44523
complete,48.440863,-120.166558
complete,46.558385,-122.27904
complete,47.115554,-119.259174
complete,47.116148,-119.265548
complete,47.134826,-119.28554
complete,47.12383,-119.25864
complete,47.166825,-119.323725
complete,47.152128,-119.282614
complete,47.119644,-119.290401
complete,47.173209,-119.32716
complete,47.105995,-119.30347
complete,48.8254,-122.2202
complete,46.736298,-120.70312
complete,47.018545,-124.15817
complete,47.20832,-124.1995
complete,47.438813,-122.83427
complete,47.0531,-122.827646
complete,46.9861,-122.8231
complete,47.014657,-122.82224
complete,47.029608,-122.803674
complete,47.005,-122.8008
complete,47.04758,-122.77796
complete,47.04745,-122.74067
complete,47.0286,-122.8225
complete,47.051719,-122.832033
complete,47.0589,-122.7793
complete,47.02832,-122.7712
complete,47.085908,-122.834514
complete,47.005558,-122.77873
complete,47.801178,-122.220298
complete,47.785541,-122.23962
complete,48.29448,-122.666511
complete,48.329197,-122.673992
complete,48.307041,-122.597585
complete,48.301761,-122.676167
complete,48.29788,-122.644159
complete,48.30105,-122.669903
complete,48.293566,-122.659378
complete,48.300769,-122.633937
complete,46.31107,-124.03854
complete,46.313449,-124.039801
complete,46.310199,-124.038602
complete,46.861897,-124.099708
complete,46.864404,-124.100877
complete,47.0623,-122.951
complete,48.699433,-123.030444
complete,48.932699,-119.43705
complete,46.240319,-119.103483
complete,46.430314,-119.1979
complete,46.237928,-119.11091
complete,46.268405,-119.14227
complete,46.230952,-119.10196
complete,46.244477,-119.14292
complete,46.253705,-119.20496
complete,46.247032,-119.11919
complete,46.251343,-119.19956
complete,46.239992,-119.07688
complete,47.387033,-122.623905
complete,46.47288,-117.59697
complete,46.471893,-117.59584
complete,48.1127,-123.5378
complete,48.1037,-123.424
complete,48.1275,-123.474
complete,48.118821,-123.457098
complete,48.101,-123.441
complete,48.102558,-123.39039
complete,48.117,-123.4656
complete,48.128803,-122.778702
complete,47.132327,-122.296392
complete,47.102437,-122.299794
complete,47.205135,-122.282237
complete,47.1385,-122.304926
complete,47.099752,-122.303656
complete,47.17653,-122.324474
complete,47.198025,-122.31277
complete,47.19016,-122.309289
complete,47.18841,-122.298804
complete,47.226127,-122.27123
complete,47.191232,-122.302531
complete,47.140715,-122.258662
complete,47.188713,-122.277244
complete,47.199488,-122.389323
complete,47.16645,-122.273725
complete,47.1553,-122.32587
complete,47.823342,-122.87478
complete,47.947635,-124.37883
complete,47.948493,-124.38378
complete,47.9494,-124.3838
complete,47.947676,-124.382261
complete,47.24185,-119.856404
complete,47.434729,-122.187853
complete,47.497795,-122.229206
complete,47.492541,-122.23229
complete,47.501997,-122.151963
complete,47.496233,-122.163874
complete,47.499723,-122.240396
complete,47.454655,-122.16714
complete,47.482431,-122.147901
complete,47.457552,-122.198154
complete,47.481594,-122.211709
complete,47.514421,-122.165703
complete,47.456461,-122.197154
complete,47.458589,-122.210732
complete,47.465218,-122.17777
complete,46.273522,-119.28908
complete,46.295841,-119.282185
complete,45.765719,-122.67507
complete,47.966573,-117.356446
complete,47.966003,-117.353567
complete,46.910625,-119.6243
complete,47.673376,-122.392173
complete,47.546202,-122.282558
complete,47.577309,-122.40786
complete,47.601346,-122.31535
complete,47.584751,-122.315074
complete,47.724451,-122.355028
complete,47.671945,-122.292044
complete,47.642655,-122.400046
complete,47.72623,-122.286941
complete,47.529191,-122.365869
complete,47.552349,-122.314468
complete,47.558027,-122.287465
complete,47.523682,-122.324968
complete,47.686343,-122.342197
complete,47.552293,-122.296638
complete,47.685686,-122.282325
complete,47.525155,-122.274709
complete,47.682813,-122.295276
complete,47.514634,-122.258559
complete,47.552279,-122.38042
complete,47.576387,-122.292927
complete,47.605584,-122.301902
complete,47.540154,-122.388475
complete,47.54585,-122.26839
complete,47.676152,-122.328628
complete,47.687157,-122.359961
complete,47.657015,-122.338033
complete,47.565824,-122.283095
complete,47.7099,-122.292415
complete,47.632922,-122.351989
complete,47.677119,-122.322628
complete,47.57352,-122.290611
complete,47.707389,-122.285029
complete,47.657272,-122.323697
complete,47.579639,-122.386916
complete,47.662203,-122.278116
complete,47.656883,-122.390677
complete,47.601961,-122.291964
complete,47.659967,-122.340189
complete,47.548403,-122.362532
complete,47.624355,-122.31813
complete,47.686579,-122.388994
complete,47.572974,-122.389829
complete,47.612491,-122.290576
complete,47.640587,-122.392744
complete,47.608503,-122.301082
complete,47.558011,-122.318377
complete,47.637018,-122.358705
complete,47.668178,-122.326551
complete,47.634002,-122.284689
complete,47.621799,-122.304966
complete,47.676206,-122.380528
complete,47.640776,-122.304102
complete,47.694725,-122.387316
complete,47.646314,-122.359141
complete,47.714702,-122.329069
complete,47.697983,-122.321088
complete,47.638081,-122.348923
complete,47.632029,-122.35337
complete,47.523746,-122.265173
complete,47.498888,-122.26284
complete,47.67682,-122.312735
complete,47.532822,-122.375014
complete,47.698557,-122.307115
complete,47.673537,-122.26342
complete,47.5396,-122.358803
complete,47.572356,-122.39666
complete,47.613093,-122.309246
complete,47.64252,-122.323618
complete,47.517719,-122.370834
complete,47.538448,-122.29634
complete,47.680553,-122.275238
complete,47.706094,-122.360979
complete,47.598393,-122.304352
complete,47.690383,-122.296884
complete,47.541692,-122.3738
complete,47.577138,-122.384575
complete,47.670495,-122.362078
complete,47.696396,-122.37745
complete,47.554718,-122.275765
complete,48.402318,-122.241126
complete,48.512963,-122.22411
complete,48.501331,-122.231469
complete,48.464486,-122.233524
complete,48.513618,-122.221008
complete,48.527938,-122.069916
complete,48.50013,-122.22918
complete,48.586211,-122.22508
complete,48.500236,-122.237337
complete,48.081486,-123.174374
complete,48.083652,-123.109355
complete,48.084867,-123.103748
complete,48.57239,-122.96178
complete,47.201084,-123.099239
complete,47.236494,-123.122887
complete,47.773821,-122.299089
complete,47.74185,-122.29747
complete,47.75478,-122.28965
complete,47.770068,-122.33827
complete,47.745709,-122.35855
complete,47.763057,-122.28784
complete,47.77164,-122.372447
complete,47.754994,-122.335777
complete,47.76726,-122.32025
complete,47.749139,-122.318504
complete,47.70941,-121.362138
complete,47.926663,-122.087057
complete,47.9405,-122.0868
complete,47.8273,-122.1222
complete,47.921478,-122.05458
complete,47.9251,-122.0844
complete,47.8818,-122.162
complete,47.8668,-122.1445
complete,47.569621,-121.90512
complete,47.480162,-121.76652
complete,47.569407,-121.895978
complete,47.494164,-121.779173
complete,47.523542,-121.809932
complete,47.517922,-121.814025
complete,46.662053,-123.791702
complete,48.035055,-122.403018
complete,48.005326,-122.41006
complete,48.012554,-122.410406
complete,47.621255,-117.36787
complete,47.716215,-117.372495
complete,47.679793,-117.442334
complete,47.718125,-117.456364
complete,47.672072,-117.427894
complete,47.689078,-117.375135
complete,47.665184,-117.436596
complete,47.622542,-117.339989
complete,47.687561,-117.358702
complete,47.692194,-117.452663
complete,47.640436,-117.371213
complete,47.677067,-117.415102
complete,47.646981,-117.391054
complete,47.617655,-117.380008
complete,47.676614,-117.431725
complete,47.669343,-117.450502
complete,47.632594,-117.396672
complete,47.721081,-117.472433
complete,47.656115,-117.367719
complete,47.678779,-117.394348
complete,47.69171,-117.397229
complete,47.708597,-117.416174
complete,47.601122,-117.348416
complete,47.596123,-117.372692
complete,47.653481,-117.311267
complete,47.697358,-117.370054
complete,47.642354,-117.414433
complete,47.652169,-117.355383
complete,47.671164,-117.384911
complete,47.70696,-117.386501
complete,47.697888,-117.419902
complete,47.631589,-117.425542
complete,47.74594,-117.482497
complete,48.249633,-122.323721
complete,48.24477,-122.372366
complete,48.242474,-122.361046
complete,48.2345,-122.329
complete,47.163074,-122.712437
complete,47.16556,-122.588284
complete,47.857007,-121.696801
complete,47.865972,-121.814415
complete,47.869217,-121.817448
complete,47.872929,-121.813903
complete,47.184544,-122.178199
complete,47.219817,-122.201366
complete,47.144697,-122.150999
complete,47.195105,-122.232229
complete,47.203429,-122.232796
complete,47.153953,-122.178973
complete,46.345433,-120.097337
complete,47.243533,-122.436639
complete,47.244841,-122.442828
complete,47.224276,-117.071427
complete,47.2236,-117.0674
complete,46.857223,-122.849244
complete,46.86225,-122.84731
complete,46.858283,-122.855723
complete,46.861342,-122.84908
complete,46.440842,-122.84978
complete,48.701956,-119.432264
complete,46.978089,-122.947255
complete,46.991339,-122.967
complete,46.96806,-122.92769
complete,46.902843,-123.01509
complete,47.005313,-122.911578
complete,46.988548,-122.905327
complete,46.985579,-122.916005
complete,47.01619,-122.9229
complete,46.992036,-122.92448
complete,47.423234,-122.45728
complete,46.961361,-119.041329
complete,47.644883,-120.069717
complete,47.407206,-120.309388
complete,47.418476,-120.320827
complete,47.443133,-120.335653
complete,47.432594,-120.347845
complete,47.438071,-120.330375
complete,47.39863,-120.299137
complete,47.426365,-120.325632
complete,47.41229,-120.32242
complete,47.452427,-120.332367
complete,47.433819,-120.339984
complete,47.665457,-117.2997
complete,47.660431,-117.284675
complete,47.683,-117.2865
complete,47.665715,-117.27557
complete,47.682448,-117.301937
complete,47.671586,-117.305419
complete,47.675508,-117.28429
complete,47.160255,-122.115992
complete,47.1505,-122.05911
complete,47.148677,-122.06302
complete,47.163333,-122.034167
complete,47.1015,-122.04192
complete,45.73065,-121.486876
complete,45.74041,-121.494403
complete,45.7404,-121.494396
complete,47.425663,-119.120903
complete,45.926202,-122.724245
complete,45.904426,-122.748344
complete,45.995889,-122.38087
complete,46.594811,-120.48982
complete,46.593176,-120.53482
complete,46.608416,-120.52173
complete,46.5728,-120.4788
complete,46.59107,-120.52626
complete,46.5719,-120.5138
complete,46.60509,-120.5466
complete,46.598792,-120.53253
complete,46.598002,-120.49128
complete,46.586,-120.5685
complete,46.850842,-122.486997
complete,46.933403,-122.61324
complete,46.96941,-122.642537
complete,46.944693,-122.608777
complete,46.406787,-120.265725
complete,46.404327,-120.264907
complete,46.411752,-120.273824
partial,46.977157,-123.82348
partial,48.236638,-122.059441
partial,47.267824,-122.22223
partial,47.274445,-122.21979
partial,47.636703,-122.52533
partial,47.636688,-122.521656
partial,47.639669,-122.52201
partial,47.645078,-122.52921
partial,45.705228,-122.555489
partial,45.767063,-122.544854
partial,47.587961,-122.1201
partial,48.714623,-122.50258
partial,48.7679,-122.4416
partial,48.75882,-122.480483
partial,47.058211,-122.378764
partial,47.083999,-122.413878
partial,47.036013,-122.355653
partial,47.101221,-122.411712
partial,47.05569,-122.287782
partial,47.070635,-122.297006
partial,47.070701,-122.330869
partial,47.020012,-122.345543
partial,47.060046,-122.378166
partial,47.105309,-122.412938
partial,45.999041,-120.292679
partial,48.094447,-119.786192
partial,48.005569,-119.674398
partial,47.697418,-122.903055
partial,48.561555,-122.438523
partial,48.476939,-122.341184
partial,45.598716,-122.430054
partial,45.61287,-122.403252
partial,45.591901,-122.402921
partial,45.615641,-122.447631
partial,47.769747,-120.665182
partial,45.752483,-120.89987
partial,47.651917,-122.70093
partial,47.628934,-122.75384
partial,47.626487,-122.66519
partial,47.642687,-117.213181
partial,47.646676,-117.247507
partial,47.664734,-117.225527
partial,47.635698,-117.208974
partial,46.726079,-122.982241
partial,46.742741,-122.952026
partial,46.708534,-122.953839
partial,47.497614,-117.576499
partial,47.551305,-117.550482
partial,48.28023,-117.70793
partial,48.281233,-117.716662
partial,48.012446,-122.778205
partial,47.204158,-120.972859
partial,47.205204,-120.976121
partial,47.180577,-122.540396
partial,47.125239,-122.553491
partial,46.200235,-119.00709
partial,48.545133,-117.876263
partial,47.754921,-118.519939
partial,48.3371,-117.299
partial,48.24682,-121.602364
partial,48.247782,-121.603262
partial,47.248751,-122.16117
partial,47.702795,-117.19448
partial,47.711563,-117.05374
partial,47.686962,-117.240278
partial,46.572693,-120.404777
partial,46.575638,-120.402863
partial,46.550738,-120.381615
partial,47.443776,-120.293326
partial,47.41084,-120.273004
partial,47.403378,-120.26374
partial,47.414025,-120.26474
partial,47.427107,-120.29176
partial,47.37747,-120.15521
partial,46.93285,-117.6904
partial,47.325756,-119.55105
partial,47.325836,-119.554528
partial,47.312661,-119.56069
partial,45.677658,-122.500774
partial,45.613141,-122.533837
partial,47.30004,-122.377902
partial,47.297606,-122.35494
partial,47.2922,-122.3498
partial,47.316209,-122.38842
partial,48.725022,-122.687231
partial,48.845252,-122.592183
partial,48.919105,-122.63725
partial,46.021529,-121.290123
partial,45.818637,-120.814271
partial,47.971967,-118.970669
partial,48.084894,-121.963583
partial,48.087045,-121.962767
partial,48.0899,-121.970293
partial,46.674674,-120.711672
partial,47.333037,-123.15967
partial,46.9803,-123.889045
partial,46.9814,-123.903806
partial,47.820707,-121.555217
partial,47.600347,-122.031712
partial,46.070007,-122.866462
partial,46.143709,-122.889042
partial,46.098025,-122.826658
partial,47.358794,-122.079179
partial,47.364882,-122.085968
partial,47.42818,-122.182655
partial,47.36019,-122.094735
partial,47.369993,-122.119809
partial,47.353306,-122.19593
partial,47.323294,-122.040276
partial,46.276607,-119.497555
partial,45.861385,-122.66416
partial,47.835243,-120.020781
partial,47.84124,-120.013393
partial,47.976006,-122.092302
partial,47.992734,-122.105843
partial,48.022549,-122.07943
partial,48.015128,-122.057923
partial,47.987198,-122.105328
partial,47.669,-122.062
partial,47.655285,-122.195118
partial,47.719408,-122.04142
partial,48.491959,-122.89725
partial,48.491816,-122.898503
partial,46.215347,-119.99014
partial,47.816281,-119.643577
partial,48.06389,-122.198748
partial,47.576343,-117.68132
partial,47.5722,-117.67
partial,47.537946,-122.22853
partial,47.571627,-122.218358
partial,48.85583,-122.491777
partial,48.441703,-120.170013
partial,46.552473,-122.27271
partial,47.127139,-119.283474
partial,47.111922,-119.26652
partial,48.718663,-122.208836
partial,48.8254,-122.2202
partial,46.728739,-120.696574
partial,46.578478,-122.905242
partial,46.577151,-122.904116
partial,46.376621,-123.801168
partial,48.165285,-118.987336
partial,48.177006,-117.061797
partial,47.458508,-122.846182
partial,46.775401,-123.48387
partial,47.019539,-122.759119
partial,47.047602,-122.766971
partial,47.062226,-122.82526
partial,47.0562,-122.7522
partial,47.804741,-122.187733
partial,48.295884,-122.657261
partial,46.349123,-124.05171
partial,47.13775,-122.8855
partial,47.727876,-117.31415
partial,47.101367,-122.20734
partial,47.416444,-119.91601
partial,46.238061,-119.103139
partial,48.051921,-119.906237
partial,45.9386,-119.60894
partial,46.5748,-123.2995
partial,47.331346,-122.603668
partial,47.330833,-122.604956
partial,47.373011,-122.693124
partial,47.309276,-122.678635
partial,48.118094,-122.768615
partial,47.160271,-122.270664
partial,47.138804,-122.31313
partial,47.181728,-122.256989
partial,47.125931,-122.258171
partial,47.946083,-124.38379
partial,47.235702,-119.84595
partial,47.075946,-119.856727
partial,47.230069,-119.848687
partial,47.236278,-119.840757
partial,46.685861,-123.7256
partial,46.685152,-123.72562
partial,47.667343,-117.877517
partial,47.667754,-117.876211
partial,47.458822,-122.185237
partial,47.505564,-122.184721
partial,46.278712,-119.288078
partial,45.817401,-122.74194
partial,47.892342,-117.358258
partial,47.969263,-117.351916
partial,46.91238,-119.62813
partial,46.911166,-119.62664
partial,47.003095,-123.480471
partial,47.654746,-122.349039
partial,47.726417,-122.337367
partial,47.707631,-122.295443
partial,47.631852,-122.30828
partial,47.591076,-122.299006
partial,48.503591,-122.228141
partial,48.083137,-123.106058
partial,45.617003,-122.049404
partial,47.9141,-122.0922
partial,48.014239,-122.411202
partial,47.198497,-123.0557
partial,47.710478,-117.398519
partial,47.652227,-117.420276
partial,47.672029,-117.420022
partial,47.699426,-117.385478
partial,47.698402,-117.436661
partial,47.087964,-117.585705
partial,47.179141,-122.575046
partial,45.726413,-121.812741
partial,45.70118,-121.887398
partial,45.726452,-121.811141
partial,47.248884,-122.501496
partial,47.203605,-122.473772
partial,47.179467,-122.442584
partial,47.239366,-122.495351
partial,47.248254,-122.479497
partial,47.178441,-122.428158
partial,47.197315,-122.495051
partial,47.209673,-122.447795
partial,47.281985,-122.374586
partial,47.229556,-122.485927
partial,47.289609,-122.517828
partial,47.225803,-122.460806
partial,47.228244,-122.399388
partial,47.208803,-122.420344
partial,47.24461,-122.459857
partial,47.344006,-124.288176
partial,47.069706,-120.675713
partial,46.438883,-122.852623
partial,46.449,-122.8473
partial,48.701681,-119.43442
partial,46.377188,-120.318155
partial,46.381508,-120.326893
partial,46.380947,-120.305527
partial,46.381333,-120.334712
partial,46.383139,-120.312905
partial,46.043244,-118.67215
partial,46.960778,-122.83195
partial,47.221551,-122.55017
partial,47.215568,-122.564381
partial,47.067676,-122.703203
partial,46.2013,-123.3802
partial,46.960159,-119.04196
partial,45.581788,-122.346374
partial,46.752489,-118.310083
partial,47.41047,-120.326149
partial,47.697794,-117.289453
partial,46.576737,-120.608559
partial,46.535504,-121.927698
partial,45.741413,-121.494286
partial,46.675606,-123.66477
partial,45.902743,-122.753293
partial,46.615186,-120.50856
partial,46.5969,-120.5157
partial,46.604271,-120.56787
partial,46.580949,-120.51198
partial,46.574234,-120.52289
partial,46.582927,-120.53864
partial,46.59017,-120.553554
partial,46.588442,-120.568984
partial,46.941286,-122.588551
partial,46.926335,-122.588244
partial,46.950298,-122.62387
partial,46.400659,-120.245196
none,46.963572,-123.792713
none,46.638197,-123.059284
none,46.630074,-123.057041
none,46.340418,-117.051063
none,47.289249,-122.182354
none,47.324824,-122.17602
none,47.288567,-122.214317
none,47.298137,-122.22473
none,45.9133,-122.4433
none,45.782164,-122.54
none,45.788605,-122.54506
none,45.730141,-122.559148
none,45.718988,-122.572262
none,45.721456,-122.57159
none,45.726722,-122.621788
none,45.730347,-122.56084
none,45.867374,-122.411876
none,47.612081,-122.138466
none,47.591803,-122.141549
none,47.629355,-122.12327
none,47.604036,-122.17106
none,47.552479,-122.171112
none,47.550482,-122.183521
none,47.575922,-122.164073
none,47.635631,-122.235225
none,48.778,-122.5265
none,48.718946,-122.4936
none,48.745982,-122.462121
none,48.763482,-122.49223
none,48.74793,-122.4024
none,48.74555,-122.432904
none,48.724535,-122.4992
none,48.77163,-122.47875
none,48.7687,-122.4164
none,48.7673,-122.464
none,46.910634,-118.099858
none,47.054172,-122.378423
none,47.056566,-122.399337
none,47.11764,-122.388313
none,47.001243,-122.542286
none,47.592739,-122.63549
none,47.573402,-122.63912
none,47.574754,-122.66492
none,47.572282,-122.69285
none,47.582438,-122.613609
none,47.569514,-122.64826
none,47.564257,-122.66164
none,47.593423,-122.62719
none,47.557266,-122.66665
none,48.006559,-119.676153
none,48.007349,-119.674683
none,48.509051,-122.373988
none,48.487754,-122.417556
none,45.592993,-122.461089
none,47.601839,-120.654126
none,47.602055,-120.656466
none,47.568125,-120.602613
none,47.512793,-120.478799
none,47.517724,-120.471229
none,46.270932,-122.90542
none,46.2825,-122.91801
none,46.271576,-122.9075
none,46.726587,-123.001679
none,46.735247,-122.988619
none,46.706031,-122.9634
none,46.6592,-122.9634
none,46.643329,-122.942737
none,47.211958,-122.356406
none,48.011932,-122.776993
none,46.41067,-117.042823
none,46.4112,-117.0578
none,46.417229,-117.05696
none,46.392046,-117.0784
none,46.404177,-117.066985
none,46.392054,-117.080476
none,46.408632,-117.042749
none,47.165245,-122.491489
none,47.157621,-122.519532
none,47.185949,-122.523353
none,47.158867,-122.545089
none,47.15714,-122.569128
none,47.162588,-122.57529
none,47.16189,-122.498936
none,47.179839,-122.512648
none,47.16618,-122.521214
none,47.149133,-122.508861
none,47.121396,-122.538827
none,46.892389,-117.361035
none,46.894791,-117.360913
none,46.031051,-118.387571
none,46.5664,-117.1308
none,48.1197,-118.2027
none,48.340583,-122.318439
none,48.136101,-123.746054
none,48.874334,-118.604812
none,46.9705,-120.57055
none,47.648838,-118.149807
none,47.950324,-117.457992
none,47.946403,-117.456914
none,47.950466,-117.468127
none,47.23655,-121.177147
none,46.754137,-122.110109
none,46.870209,-122.264051
none,46.870841,-122.267482
none,46.868497,-122.263394
none,46.924895,-122.349422
none,47.816978,-122.261061
none,47.847181,-122.305181
none,47.788501,-122.282141
none,47.79812,-122.276572
none,47.796956,-122.287645
none,47.813565,-122.334808
none,47.810881,-122.334481
none,47.820082,-122.362799
none,47.813198,-122.276533
none,47.812555,-122.242886
none,47.839686,-122.24808
none,47.801704,-122.288797
none,47.857958,-122.25863
none,47.828112,-122.348077
none,47.790385,-122.374267
none,47.798812,-122.362169
none,47.786822,-122.369194
none,47.782357,-122.360581
none,46.994007,-120.52711
none,46.990859,-120.53982
none,46.991899,-120.54307
none,46.99408,-120.52236
none,47.664294,-120.225706
none,47.664421,-120.225582
none,47.309786,-122.005151
none,47.210471,-121.996188
none,47.191299,-122.006243
none,47.187102,-122.007822
none,47.206814,-121.993516
none,47.187552,-122.011739
none,47.185444,-122.014815
none,47.228841,-122.058146
none,47.317243,-119.539636
none,47.314337,-119.551288
none,45.656886,-122.521556
none,45.636146,-122.526667
none,48.309401,-118.138941
none,48.861922,-122.624594
none,48.852624,-122.593434
none,48.85076,-122.605797
none,48.832708,-122.541155
none,48.86227,-122.60285
none,48.860124,-122.60184
none,47.248671,-122.31046
none,47.247599,-122.30801
none,46.143695,-119.053037
none,46.154856,-119.0344
none,46.154117,-119.035628
none,46.1553,-119.0376
none,47.517736,-117.1948
none,47.013487,-117.140452
none,45.815077,-120.813788
none,45.816533,-120.816823
none,47.938213,-119.005431
none,46.254868,-119.92102
none,46.254311,-119.888936
none,46.347339,-120.194322
none,46.346518,-120.18971
none,48.08747,-121.983124
none,47.686635,-117.518354
none,47.080422,-123.019365
none,46.983154,-123.905375
none,46.977419,-123.855899
none,46.640792,-118.557011
none,46.009107,-122.838843
none,46.008404,-122.839648
none,48.078622,-118.68766
none,46.159543,-122.908351
none,46.179931,-122.925813
none,46.150956,-122.893852
none,46.149346,-122.918365
none,46.154514,-122.904567
none,46.188085,-119.135826
none,46.172477,-119.126254
none,46.2082,-119.19025
none,46.218164,-119.16884
none,46.205328,-119.177944
none,46.177523,-119.149335
none,46.216776,-119.186924
none,46.189497,-119.18679
none,46.197596,-119.203563
none,46.197973,-119.13164
none,46.2053,-119.13609
none,46.196475,-119.2173
none,46.191067,-119.16512
none,46.1836,-119.1843
none,46.218036,-119.235
none,46.219183,-119.201215
none,46.2277,-119.219
none,46.18855,-119.11894
none,48.606285,-118.05381
none,48.6,-118.0587
none,48.602638,-118.05595
none,46.9873,-120.4197
none,45.81633,-121.15366
none,45.864982,-122.656705
none,46.815278,-117.874315
none,47.460052,-123.897417
none,47.646988,-122.03789
none,47.613585,-122.03129
none,47.667541,-122.06077
none,47.618698,-122.01701
none,47.715324,-122.198836
none,47.727684,-122.165163
none,47.628717,-122.021
none,47.699315,-122.124396
none,47.621071,-122.02743
none,47.203619,-117.9009
none,47.38413,-117.319374
none,47.382117,-117.320956
none,46.9734,-118.6179
none,46.974981,-118.61723
none,48.064942,-117.630889
none,48.507417,-122.80131
none,45.617858,-121.179095
none,45.6941,-121.2804
none,48.94917,-122.465079
none,48.952381,-122.428692
none,48.958812,-122.426697
none,47.88985,-120.153166
none,47.891506,-120.153714
none,48.06018,-117.745459
none,48.060571,-117.745302
none,48.054895,-122.148741
none,48.073678,-122.143492
none,48.077306,-122.144557
none,48.101825,-122.17158
none,48.065877,-122.17229
none,48.029953,-122.143783
none,47.049248,-123.26583
none,47.762734,-117.416925
none,47.8085,-117.34308
none,47.735385,-117.41506
none,47.775923,-117.38012
none,47.767041,-117.421499
none,47.736709,-117.454281
none,47.770021,-117.41443
none,47.799614,-117.358741
none,47.8098,-117.396211
none,47.788513,-117.32319
none,47.775608,-117.38326
none,47.7339,-117.4011
none,45.757584,-121.649393
none,47.887427,-121.96799
none,47.853549,-121.981679
none,47.804334,-122.10185
none,47.8815,-121.9384
none,47.856257,-121.97567
none,47.853488,-121.979152
none,46.98435,-123.58059
none,46.983995,-123.597163
none,46.985653,-123.60617
none,46.530893,-122.485496
none,46.378377,-120.73211
none,46.379092,-120.732377
none,48.823,-122.332
none,45.563842,-122.23029
none,48.441935,-122.30006
none,48.4069,-122.31796
none,48.431086,-122.31198
none,48.412395,-122.31176
none,48.412395,-122.31176
none,48.42401,-122.32699
none,48.42,-122.3487
none,47.910854,-122.244085
none,47.911494,-122.242765
none,47.902558,-122.30386
none,47.891884,-122.233982
none,47.885099,-122.311485
none,47.912014,-122.247206
none,47.894364,-122.269661
none,47.9027,-122.299845
none,47.920533,-122.237514
none,47.90076,-122.302307
none,47.888701,-122.236215
none,47.932859,-122.302393
none,47.89974,-122.236576
none,47.930213,-122.30136
none,47.872362,-122.312828
none,47.872323,-122.2972
none,47.891969,-122.237917
none,48.178557,-117.053061
none,48.176884,-117.056075
none,47.817901,-117.583741
none,47.808993,-117.558123
none,47.829184,-117.599155
none,47.779931,-117.551591
none,48.909497,-122.360334
none,48.964246,-122.308311
none,48.920729,-122.327116
none,48.9942,-122.259991
none,46.595314,-119.152899
none,46.66288,-118.872739
none,46.575103,-119.00156
none,46.660919,-118.857051
none,46.662199,-118.854827
none,47.791404,-122.658946
none,47.796292,-122.516408
none,47.807477,-122.552972
none,47.704193,-122.654065
none,47.795599,-122.525739
none,47.734032,-122.625679
none,47.7307,-122.618383
none,47.733012,-122.62235
none,47.8026,-122.516348
none,47.7355,-122.556522
none,47.763683,-122.674333
none,47.000838,-122.805118
none,47.007891,-122.800242
none,48.911741,-117.788847
none,47.737367,-122.251342
none,47.758789,-122.080361
none,47.759977,-122.219015
none,47.782663,-122.201271
none,47.740699,-122.042792
none,47.820155,-122.179237
none,47.7956,-122.23632
none,47.751984,-122.14077
none,47.740453,-122.22253
none,47.76722,-122.2457
none,47.776126,-122.253933
none,47.781834,-122.15947
none,47.767032,-122.116
none,47.778765,-122.255393
none,47.769679,-122.198297
none,47.738288,-122.229962
none,47.797617,-122.200264
none,47.803462,-122.19046
none,47.727588,-122.10865
none,47.766015,-122.05057
none,47.767698,-122.120102
none,47.770411,-122.22417
none,47.768474,-122.167462
none,47.770892,-122.16143
none,47.741268,-122.17656
none,47.1268,-117.2434
none,47.1268,-117.2434
none,46.840152,-123.240372
none,47.330848,-118.6882
none,47.330707,-118.689301
none,48.358495,-119.592446
none,48.364779,-119.585549
none,47.043706,-122.887664
none,47.050806,-122.934709
none,47.005089,-122.86147
none,47.047819,-122.919851
none,47.051999,-122.9278
none,47.062,-122.9541
none,47.0713,-122.92593
none,47.029799,-122.89887
none,47.018652,-122.85626
none,47.043486,-122.97917
none,47.017176,-122.88468
none,47.019167,-122.879013
none,47.064608,-122.89153
none,47.056601,-122.88531
none,47.020844,-122.86872
none,48.405915,-119.515862
none,48.417998,-119.51751
none,48.409557,-119.533903
none,48.410504,-119.5336
none,46.5817,-122.7185
none,46.581731,-122.719957
none,48.783595,-117.809775
none,48.698709,-122.903194
none,48.867978,-118.205
none,47.640786,-120.216219
none,48.934303,-119.43896
none,47.10205,-122.209285
none,46.819213,-119.162996
none,46.8307,-119.1649
none,46.817909,-119.164053
none,46.817859,-119.15968
none,46.8228,-119.1661
none,46.819698,-119.15288
none,46.912208,-117.070938
none,47.294504,-122.6216
none,47.240685,-122.77134
none,47.291711,-122.591198
none,47.292239,-122.593404
none,47.307235,-122.758433
none,47.305335,-122.678299
none,47.384319,-122.619355
none,47.311216,-122.580613
none,47.344781,-122.770327
none,47.258171,-123.00092
none,47.257966,-123.00244
none,48.114846,-122.771857
none,46.298454,-118.318233
none,46.2976,-118.3199
none,46.208545,-119.75309
none,46.200537,-119.774916
none,46.211716,-119.752583
none,46.235286,-119.70864
none,46.740362,-117.18103
none,46.7476,-117.1857
none,46.7275,-117.188
none,47.2385,-122.28303
none,47.539175,-124.252375
none,46.883122,-122.692693
none,46.88591,-122.689367
none,46.886523,-122.688757
none,48.64211,-118.7273
none,45.797249,-122.71438
none,47.126082,-118.36999
none,47.12613,-118.36844
none,47.651572,-121.9119
none,47.735336,-121.9527
none,47.747152,-121.9824
none,47.700826,-121.909668
none,47.642605,-121.914877
none,46.794439,-123.045779
none,46.798774,-123.043716
none,46.820926,-123.091
none,45.740944,-120.21946
none,47.230829,-117.3689
none,48.528029,-123.01491
none,48.5358,-123.02194
none,48.534889,-123.020492
none,48.678109,-123.215702
none,46.664497,-120.528664
none,48.861176,-117.374226
none,48.818667,-117.398466
none,47.215757,-123.108822
none,47.232798,-123.120331
none,47.9687,-122.0672
none,47.919,-122.0994
none,47.389491,-119.488196
none,47.38702,-119.497191
none,47.438648,-122.648158
none,47.515749,-122.653648
none,47.524206,-122.627353
none,47.499108,-122.619893
none,47.505892,-122.531348
none,47.529406,-122.600348
none,47.551147,-122.555585
none,47.528451,-122.603045
none,47.467731,-122.603797
none,47.432119,-122.571565
none,47.527437,-122.599475
none,47.50622,-122.653902
none,47.518259,-122.545477
none,47.537875,-122.624433
none,47.511262,-122.730507
none,48.007307,-122.46196
none,47.296065,-117.981318
none,48.237437,-122.335715
none,46.442089,-118.717727
none,46.517376,-118.121136
none,48.337505,-120.693153
none,47.005233,-117.351433
none,45.695853,-121.884818
none,48.306937,-117.976392
none,47.202902,-122.189703
none,47.195161,-122.234956
none,46.317364,-119.997587
none,46.3199,-119.998279
none,46.315902,-119.992838
none,46.323133,-119.997912
none,47.710992,-122.603977
none,47.187143,-122.452123
none,47.1974,-122.41427
none,47.302688,-122.424572
none,47.254334,-122.46096
none,47.270044,-122.505683
none,47.241577,-122.447699
none,47.202351,-122.429443
none,47.259688,-122.470009
none,47.256372,-122.463784
none,47.272338,-122.484445
none,47.252367,-122.523434
none,47.195634,-122.441622
none,47.224949,-122.441428
none,47.267684,-122.466388
none,47.216003,-122.43101
none,47.219367,-122.47617
none,47.223999,-122.42096
none,47.29626,-122.402204
none,47.261316,-122.506185
none,47.26956,-122.526165
none,47.266137,-122.448017
none,47.211316,-122.434971
none,47.252201,-122.439368
none,47.271261,-122.486631
none,47.221644,-122.448628
none,47.22912,-122.514359
none,47.231604,-122.436088
none,47.397799,-122.051046
none,47.351785,-122.02595
none,47.388305,-122.101522
none,47.371502,-122.02253
none,47.397931,-122.050757
none,47.4075,-122.015
none,46.324481,-122.74054
none,45.98901,-121.516146
none,47.481366,-122.292247
none,47.474724,-122.280553
none,47.474958,-122.274544
none,47.2075,-122.557451
none,47.211842,-122.541902
none,47.219446,-122.532543
none,47.217767,-122.541881
none,48.169395,-117.72128
none,45.723223,-122.68869
none,45.724013,-122.691034
none,45.693706,-122.678157
none,45.651868,-122.664062
none,45.708276,-122.698923
none,45.635394,-122.638557
none,45.636092,-122.612293
none,45.693909,-122.639555
none,45.62318,-122.608433
none,45.626135,-122.635539
none,45.65473,-122.62771
none,45.635672,-122.675056
none,45.630993,-122.654023
none,45.68284,-122.680434
none,45.619458,-122.585042
none,45.65316,-122.675545
none,45.630516,-122.620278
none,45.623833,-122.61166
none,45.645637,-122.586989
none,45.644103,-122.627549
none,45.702563,-122.66525
none,45.722605,-122.68424
none,45.64394,-122.668498
none,45.66631,-122.598753
none,47.427623,-122.452415
none,47.428087,-122.454421
none,46.2013,-123.3802
none,46.741024,-119.896831
none,46.741517,-119.896595
none,46.741563,-119.899789
none,46.742945,-119.896533
none,46.2663,-118.1545
none,46.2667,-118.1539
none,46.267145,-118.152819
none,46.061955,-118.299628
none,46.056334,-118.353048
none,46.0545,-118.3414
none,46.0742,-118.3228
none,46.0593,-118.3372
none,46.0649,-118.3102
none,46.042724,-118.32386
none,46.0644,-118.3261
none,46.0443,-118.3175
none,46.43605,-120.41588
none,46.438866,-120.418837
none,46.4456,-120.4226
none,46.439431,-120.418866
none,46.435979,-120.41095
none,45.609774,-122.233322
none,45.584688,-122.331882
none,45.585039,-122.327502
none,47.889474,-117.98592
none,47.8983,-117.988
none,46.549532,-120.6501
none,46.585533,-120.6358
none,46.588842,-120.70995
none,46.5747,-120.6322
none,46.578892,-120.608688
none,46.587002,-120.60542
none,46.604881,-121.671853
none,47.1655,-122.02311
none,47.753287,-118.70473
none,46.490029,-122.891997
none,46.492931,-122.940747
none,47.117491,-123.77104
none,45.660918,-120.96182
none,46.377635,-120.329811
